metrics,global,local,global-local,conflictology_n,last,zero,conflictology,boot_240
crps,0.11800131151792524,0.12207423226544592,0.11815593923849474,0.12295527634168618,0.16460804623696923,0.13187134502923978,0.1274843207051445,0.131726818427409
ign,0.07434662990423122,0.08724840057179882,0.0742494622915082,0.18181735491468765,0.11626911881375267,0.10766497602446712,0.8598890269789268,0.10715355861797457
mis,1.9011260488176969,2.205413806254767,1.9001153699466062,2.115172896008137,2.992769832189169,2.6374269005847957,2.073142639206713,2.6374269005847957
mse,16.8116704805492,16.7083015509789,16.795569539791508,16.931884057971015,18.746586575133485,17.21762013729977,16.547381133994406,17.21762013729977
mae,0.13110856852275618,0.1338037121789982,0.13145817442156113,0.13335875921688278,0.17247012458682937,0.13187134502923975,0.13647342995169082,0.13187134502923975
