metrics,global,local,global-local,conflictology_n,last,zero,conflictology,boot_240
crps,0.10095708904144406,0.10396242112890883,0.10120221253496041,0.10677611567835298,0.14417008711543347,0.1154462242562929,0.11844806763285023,0.11540584762267972
ign,0.06636861188384029,0.08048616736134756,0.0668114241524764,0.1754778669269078,0.1050151386552358,0.09442349186417777,0.8560850223692076,0.0950777637957951
mis,1.559935799644038,1.8238755403000249,1.6023417238749047,1.878592677345538,2.6165563818967708,2.3089244851258584,1.888665141113654,2.3089244851258584
mse,16.66512840071192,16.51508390541571,16.603419781337404,16.717454869056702,18.224307144673276,17.238787185354692,17.444317315026698,17.238793541825583
mae,0.115255530129672,0.115605136028477,0.11725146198830409,0.12041698449021104,0.1515255530129672,0.1154462242562929,0.12747266717518432,0.11545258072718029
