metrics,global,local,global-local,conflictology_n,last,zero,conflictology,boot_240
crps,0.9245576809115179,0.9292965887554027,0.9244159551106027,0.9279422808900941,0.9703293608377829,0.9398042206966692,0.930226078481227,0.9395740963196032
ign,0.08427347982156871,0.09642054025596251,0.08426972686213612,0.18931612647131263,0.1285833189496959,0.11881569952786869,0.8648247764365169,0.11751855765304689
mis,17.978818649885582,18.34959604627511,17.978511314518183,18.10563946097127,19.080062929061782,18.796084413933386,17.869994914823298,18.796084413933386
mse,81844.47978006612,81844.53940376302,81844.15826341216,81844.54007119247,81843.18901601831,81844.91887871854,81842.97490465293,81844.91887871854
mae,0.9382850241545894,0.9404843630816171,0.9376938723620646,0.9413806254767354,0.9793160437325199,0.9398042206966697,0.9426010678871092,0.9398042206966697
