metrics,global,local,global-local,conflictology_n,last,zero,conflictology,boot_240
crps,0.13002749740020325,0.13757631718154037,0.13237057107805728,0.14732386036062858,0.386012014944063,0.14441266209000764,0.19188119755911517,0.1443482850432239
ign,0.06809993390237405,0.08236078647411495,0.0690981298942479,0.17702512890507077,0.11773872731920602,0.09163581098832738,0.8588735603613366,0.09251476041701095
mis,2.164581744215611,2.4545982710399183,2.2266482329010935,3.0621739130434777,7.148820239003307,2.888253241800153,2.834462242562929,2.888253241800153
mse,62.39572845156369,59.70682049326212,61.68166158148996,64.95130307653191,169.44675184337657,65.81533816425122,86.9678680396644,65.81533816425122
mae,0.1486778540554284,0.15162090007627765,0.1538329519450801,0.1583206203915586,0.40198957538774477,0.14441266209000764,0.2231947622679888,0.14441266209000764
