metrics,global,local,global-local,conflictology_n,last,zero,conflictology,boot_240
crps,0.2147369328693109,0.2207338338672756,0.21760982770149961,0.2499271752471123,9.749968398779561,0.2236142893465548,0.523694274938554,0.22342468603483326
ign,0.08630302745818487,0.09878749515053112,0.08668758060108674,0.19222555851521073,0.15072608356376394,0.12096981656829857,0.8685894813409848,0.1195952761176559
mis,3.980661708619375,4.287909992372235,4.10359426646326,4.033371472158659,193.97409483854568,4.472285786931097,13.217519705059752,4.472285786931097
mse,163.2645817442156,163.1692537503178,163.52172641749297,163.3924548690567,1134237.5203788455,163.33126748029494,369.37219043986784,163.33128019323672
mae,0.22751080600050855,0.25648995677599795,0.24439359267734553,0.23383549453343505,9.780663615560641,0.22361428934655478,0.3575959827103992,0.22362700228832952
