metrics,global,local,global-local,conflictology_n,last,zero,conflictology,boot_240
crps,1.127449461937452,1.1288897948004066,1.126354612001017,1.1310953781917068,1.4565319912598524,1.1374713958810068,1.141903445207221,1.1372976363463003
ign,0.06755769366456477,0.07752192435232798,0.06738018374706768,0.16454280404288738,0.11801215921138353,0.09654374507867532,0.7938716349964281,0.09543591316204002
mis,22.246654271548433,22.455022247648106,22.235311467073483,22.47542461225528,28.526633930841594,22.74942791762014,22.276978133740148,22.74942791762014
mse,98555.71103483342,98555.40071828118,98553.6785977625,98547.87679252481,98770.88569794051,98560.02219043988,98504.33839944066,98560.02219043988
mae,1.1396135265700482,1.1402301042461227,1.1403190948385455,1.1441838291380628,1.4734299516908214,1.137471395881007,1.153184591914569,1.137471395881007
